,City Name,Country Code,Latitude,Longitude,Temperature (F),Humidity (%),Cloudiness (%),Wind Speed (mph)
0,mar del plata,ar,-46.43,-67.52,48.19,53.0,0.0,17.25
1,aklavik,ca,68.22,-135.01,27.63,92.0,40.0,6.93
3,ushuaia,ar,-54.81,-68.31,32.0,82.0,75.0,18.34
4,hermanus,za,-34.42,19.24,55.12,80.0,56.0,8.19
5,punta arenas,cl,-53.16,-70.91,37.4,64.0,20.0,21.92
6,awash,et,8.99,40.17,80.77,31.0,32.0,7.07
7,hilo,us,19.71,-155.08,57.13,70.0,1.0,8.05
8,qaanaaq,gl,77.48,-69.36,23.98,100.0,68.0,12.66
9,kahului,us,20.89,-156.47,67.39,92.0,1.0,4.7
11,klaksvik,fo,62.23,-6.59,44.6,81.0,48.0,20.8
12,kitimat,ca,54.02,-128.69,37.4,37.0,20.0,10.29
13,ribeira grande,pt,38.52,-28.7,73.4,73.0,40.0,19.46
14,new norfolk,au,-42.78,147.06,59.0,44.0,75.0,11.41
15,norman wells,ca,65.28,-126.83,26.6,92.0,75.0,5.82
16,mezdra,bg,43.14,23.71,73.4,38.0,20.0,2.24
17,khash,ir,28.22,61.21,63.94,12.0,0.0,5.84
18,yellowknife,ca,62.45,-114.38,28.4,92.0,75.0,14.99
20,belaya gora,ru,68.54,146.19,29.2,97.0,88.0,3.15
21,kavaratti,in,10.57,72.64,83.83,100.0,56.0,2.71
22,rikitea,pf,-23.12,-134.97,67.9,100.0,100.0,19.04
23,puerto ayora,ec,-0.74,-90.35,71.6,83.0,75.0,4.7
24,maniitsoq,gl,65.42,-52.9,34.15,100.0,36.0,11.32
25,haines junction,ca,60.75,-137.51,11.2,86.0,0.0,2.15
26,hasaki,jp,35.73,140.83,63.25,93.0,75.0,1.12
27,cherskiy,ru,68.75,161.3,32.53,82.0,0.0,4.27
28,henties bay,na,-22.12,14.28,68.89,73.0,0.0,12.88
29,luderitz,na,-26.65,15.16,65.02,72.0,0.0,26.98
30,lebu,cl,-37.62,-73.65,50.98,100.0,88.0,14.45
31,bluff,nz,-46.6,168.33,48.19,100.0,0.0,15.68
32,tasiilaq,gl,65.61,-37.64,35.6,64.0,75.0,8.05
33,gravdal,no,59.79,5.78,47.37,81.0,75.0,36.91
34,leningradskiy,ru,69.38,178.42,41.26,88.0,56.0,19.04
35,albany,au,-35.02,117.88,49.18,84.0,20.0,8.63
36,busselton,au,-33.64,115.35,58.81,100.0,0.0,20.83
37,kiama,au,-34.67,150.86,53.6,87.0,56.0,4.7
38,hambantota,lk,6.12,81.12,77.71,100.0,56.0,5.95
39,mantua,cu,22.29,-84.28,86.08,68.0,0.0,9.75
40,cape town,za,-33.93,18.42,62.6,55.0,40.0,27.51
41,vanimo,pg,-2.67,141.3,85.18,99.0,0.0,11.43
42,jamestown,sh,-15.94,-5.72,68.08,100.0,88.0,16.69
43,lichuan,cn,30.3,108.94,54.76,84.0,92.0,2.37
45,union,us,47.36,-123.1,53.89,93.0,75.0,6.93
46,kropotkin,ru,45.43,40.58,71.23,71.0,88.0,4.72
47,itaituba,br,-4.26,-55.99,93.2,52.0,20.0,12.75
48,georgetown,sh,-7.93,-14.42,75.73,100.0,56.0,13.67
49,darhan,mn,49.49,105.92,40.18,73.0,0.0,5.28
50,atuona,pf,-9.8,-139.03,78.61,100.0,92.0,11.43
51,port alfred,za,-33.59,26.89,64.57,87.0,88.0,32.91
52,chernyshevskiy,ru,63.01,112.47,39.82,99.0,92.0,7.63
53,sur,om,22.57,59.53,86.8,85.0,0.0,7.74
54,carnarvon,au,-24.87,113.63,66.82,98.0,0.0,10.42
55,vaini,to,-21.2,-175.2,69.8,88.0,20.0,9.17
56,dalvik,is,65.97,-18.53,44.6,65.0,75.0,12.75
58,clyde river,ca,70.47,-68.59,21.2,73.0,20.0,3.36
59,rocky mountain house,ca,52.38,-114.92,25.69,93.0,88.0,4.38
60,tiksi,ru,71.64,128.87,25.6,100.0,68.0,7.29
62,bien hoa,vn,10.95,106.82,78.8,94.0,75.0,3.36
63,magaria,ne,13.0,8.91,97.51,40.0,0.0,8.75
65,hobart,au,-42.88,147.33,59.0,44.0,75.0,11.41
66,samoded,ru,63.61,40.52,45.85,95.0,92.0,7.4
67,dahanu,in,19.97,72.73,85.18,95.0,0.0,3.49
68,saskylakh,ru,71.97,114.09,26.23,90.0,88.0,5.17
69,bathsheba,bb,13.22,-59.52,86.0,74.0,75.0,11.41
70,faanui,pf,-16.48,-151.75,75.82,100.0,56.0,25.08
72,bredasdorp,za,-34.53,20.04,62.6,51.0,0.0,17.22
73,ancud,cl,-41.87,-73.83,48.64,76.0,64.0,5.84
74,sao filipe,cv,14.9,-24.5,79.51,98.0,36.0,11.65
75,gulu,ug,2.77,32.3,71.68,93.0,24.0,4.38
77,sao joao da barra,br,-21.64,-41.05,87.8,48.0,0.0,9.17
78,butaritari,ki,3.07,172.79,84.28,100.0,12.0,3.6
79,narsaq,gl,60.91,-46.05,37.4,44.0,75.0,3.36
80,yantal,ru,56.85,105.25,51.79,64.0,100.0,5.28
82,te anau,nz,-45.41,167.72,34.15,98.0,32.0,2.48
83,beyneu,kz,45.32,55.19,64.03,43.0,0.0,5.95
84,boshnyakovo,ru,49.65,142.17,46.21,93.0,64.0,5.84
86,paamiut,gl,61.99,-49.67,37.57,100.0,88.0,13.0
87,ostrovnoy,ru,68.05,39.51,30.19,89.0,0.0,4.5
88,mecca,sa,21.43,39.83,95.8,16.0,36.0,3.27
89,scarborough,gb,54.28,-0.41,60.04,51.0,12.0,20.8
90,korla,cn,41.76,86.15,51.79,68.0,0.0,3.94
91,trapani,it,38.02,12.54,70.59,60.0,20.0,2.24
93,mahebourg,mu,-20.41,57.7,73.4,69.0,75.0,11.41
95,quila,mx,20.35,-104.08,59.35,100.0,36.0,3.15
96,mehamn,no,71.03,27.85,39.2,69.0,75.0,18.34
97,jumla,np,29.28,82.18,34.78,94.0,12.0,2.37
98,ashcroft,ca,50.72,-121.28,39.2,86.0,90.0,4.7
99,provideniya,ru,64.42,-173.23,47.29,95.0,92.0,19.48
100,bada,ru,51.39,109.87,42.16,77.0,0.0,3.71
101,avarua,ck,-21.21,-159.78,68.0,52.0,20.0,9.17
102,constitucion,mx,23.99,-104.67,59.0,82.0,40.0,3.36
103,ngara,tz,-2.51,30.66,78.34,38.0,80.0,5.95
104,batsfjord,no,70.63,29.72,38.35,69.0,75.0,17.22
105,dingle,ie,52.14,-10.27,57.1,97.0,92.0,13.78
106,methoni,gr,36.82,21.7,71.6,73.0,90.0,7.07
107,dunedin,nz,-45.87,170.5,35.86,94.0,88.0,3.83
108,lundazi,zm,-12.29,33.17,80.95,33.0,76.0,12.66
109,sassandra,ci,4.95,-6.09,78.79,95.0,48.0,11.21
111,sretensk,ru,52.24,117.7,34.96,75.0,0.0,2.71
112,carmen,cr,9.87,-83.92,70.72,83.0,75.0,3.36
113,vestmannaeyjar,is,63.44,-20.27,42.8,75.0,75.0,23.04
114,ballina,ie,54.11,-9.15,55.4,93.0,75.0,14.99
115,yinchuan,cn,38.48,106.21,37.57,58.0,0.0,3.38
116,nadym,ru,65.53,72.51,37.21,95.0,80.0,7.4
117,jalu,ly,29.03,21.55,96.61,16.0,68.0,6.85
118,lagoa,pt,37.14,-8.45,77.0,73.0,20.0,13.87
119,moerai,pf,-22.43,-151.33,69.88,100.0,0.0,21.27
120,cabo san lucas,mx,22.89,-109.91,73.4,83.0,5.0,8.86
121,chuy,uy,-33.69,-53.46,58.81,100.0,32.0,6.85
122,mount isa,au,-20.73,139.49,77.0,33.0,0.0,6.93
123,kapaa,us,22.08,-159.32,74.52,90.0,20.0,6.93
124,mikuni,jp,36.22,136.15,62.6,82.0,75.0,2.24
125,pisco,pe,-13.71,-76.2,71.6,30.0,8.0,8.05
126,castro,cl,-42.48,-73.76,46.3,87.0,88.0,5.95
128,saint george,bm,32.38,-64.68,78.8,78.0,75.0,21.92
129,blagoyevo,ru,63.37,47.92,45.85,91.0,92.0,7.07
130,bubaque,gw,11.28,-15.83,82.4,74.0,75.0,4.7
131,hobyo,so,5.35,48.53,79.33,78.0,0.0,16.46
132,vila velha,br,-3.71,-38.6,86.0,51.0,20.0,21.92
133,gornopravdinsk,ru,60.06,69.92,44.77,90.0,92.0,8.75
134,avanigadda,in,16.02,80.92,86.0,79.0,20.0,5.73
135,pringsewu,id,-5.36,104.98,76.72,76.0,0.0,2.93
136,kupang,id,-10.16,123.6,78.8,78.0,20.0,9.17
137,akodia,in,23.37,76.56,81.31,57.0,64.0,3.38
139,kudahuvadhoo,mv,2.67,72.89,81.4,100.0,36.0,18.48
140,camacha,pt,33.08,-16.33,76.23,69.0,40.0,5.82
141,vila franca do campo,pt,37.72,-25.43,66.2,88.0,40.0,6.93
142,namibe,ao,-15.19,12.15,68.71,96.0,44.0,7.63
143,hithadhoo,mv,-0.6,73.08,82.84,100.0,92.0,16.8
144,east london,za,-33.02,27.91,73.4,40.0,20.0,29.97
145,makungu,tz,-8.74,35.29,72.76,59.0,32.0,5.95
146,wanning,cn,18.8,110.4,81.13,99.0,92.0,20.71
147,pevek,ru,69.7,170.27,43.15,94.0,92.0,7.4
148,kodiak,us,39.95,-94.76,60.08,100.0,90.0,4.7
150,acapulco,mx,16.86,-99.88,78.8,78.0,75.0,5.82
152,hofn,is,64.25,-15.21,40.99,100.0,92.0,7.4
153,kungurtug,ru,50.6,97.53,35.05,73.0,0.0,5.61
155,batesville,us,35.77,-91.64,73.94,90.0,40.0,3.36
156,belmonte,br,-26.84,-53.58,73.39,97.0,88.0,4.38
157,cortes,ph,9.28,126.19,73.39,100.0,76.0,2.48
159,barrow,us,39.51,-90.4,73.24,83.0,75.0,8.05
160,fort morgan,us,40.25,-103.8,49.57,86.0,80.0,6.93
161,san carlos de bariloche,ar,-41.13,-71.31,41.0,65.0,40.0,18.34
162,santa cruz,cr,10.26,-85.58,80.6,83.0,75.0,4.61
163,severo-kurilsk,ru,50.68,156.12,47.2,91.0,64.0,20.83
164,ahipara,nz,-35.17,173.16,46.57,100.0,56.0,3.94
165,houma,us,29.6,-90.72,81.66,88.0,5.0,5.82
166,victoria,sc,-4.62,55.45,80.6,69.0,20.0,4.7
167,road town,vg,18.42,-64.62,84.92,70.0,20.0,3.38
168,klobuck,pl,50.9,18.94,50.0,57.0,20.0,16.11
169,chokurdakh,ru,70.62,147.9,31.54,88.0,64.0,4.16
171,kizilskoye,ru,52.73,58.89,44.5,60.0,0.0,6.06
173,parrita,cr,9.52,-84.33,70.7,83.0,75.0,3.36
174,adrar,dz,27.87,-0.29,95.0,13.0,0.0,8.05
175,zdunska wola,pl,51.6,18.94,50.0,57.0,75.0,12.75
176,kushiro,jp,43.11,144.15,43.06,86.0,8.0,4.27
177,lakes entrance,au,-37.88,147.99,57.82,74.0,48.0,7.18
178,nikolskoye,ru,59.7,30.79,51.8,66.0,75.0,8.95
179,alice springs,au,-23.7,133.88,82.4,45.0,80.0,8.05
180,evensk,ru,61.92,159.24,41.08,100.0,92.0,18.37
181,yulara,au,-25.24,130.99,73.4,33.0,68.0,5.82
182,surovikino,ru,48.61,42.84,72.04,49.0,24.0,14.23
183,byron bay,au,-28.65,153.62,57.2,76.0,0.0,6.06
184,yantzaza,ec,-3.83,-78.76,74.92,72.0,8.0,2.59
185,muroto,jp,33.37,134.14,65.38,100.0,88.0,1.03
186,kavieng,pg,-2.57,150.8,84.28,100.0,68.0,4.94
188,khatanga,ru,71.98,102.47,31.72,91.0,80.0,4.16
189,borgarnes,is,64.54,-21.92,42.8,56.0,75.0,16.11
190,horodkivka,ua,49.91,28.98,61.51,67.0,0.0,3.83
191,horasan,tr,40.04,42.16,48.64,97.0,12.0,1.7
192,tura,ru,64.27,100.22,35.32,77.0,88.0,7.74
193,dikson,ru,73.51,80.55,38.11,100.0,88.0,16.46
194,rawson,ar,-43.3,-65.11,53.77,38.0,0.0,17.02
195,baffa,pk,34.44,73.22,64.48,67.0,56.0,3.6
196,tuatapere,nz,-46.13,167.69,39.19,100.0,0.0,7.18
197,bagli,in,22.64,76.35,84.2,54.0,76.0,5.82
199,tashara,ru,55.52,83.51,42.52,62.0,32.0,6.85
201,cidreira,br,-30.17,-50.22,64.66,95.0,92.0,11.43
202,matagami,ca,49.76,-77.63,37.4,86.0,90.0,8.05
203,ketchikan,us,55.34,-131.65,42.35,14.0,1.0,3.36
204,cabedelo,br,-6.97,-34.84,84.2,54.0,75.0,11.41
205,bambous virieux,mu,-20.34,57.76,73.4,69.0,75.0,11.41
206,kanata,ca,45.32,-75.9,47.34,93.0,90.0,16.11
207,fortuna,us,40.6,-124.16,58.42,100.0,90.0,4.7
208,trairi,br,-3.28,-39.27,79.33,100.0,0.0,23.51
209,naze,jp,28.37,129.48,77.08,100.0,8.0,15.46
211,leh,in,34.16,77.58,14.98,79.0,8.0,1.25
212,tabou,ci,4.42,-7.36,79.06,100.0,88.0,11.54
213,prince albert,ca,53.2,-105.75,26.6,92.0,90.0,2.24
214,svetlaya,ru,46.54,138.33,57.01,97.0,0.0,17.92
215,nieuw amsterdam,sr,5.88,-55.08,85.86,66.0,40.0,6.93
216,aykhal,ru,65.95,111.51,33.52,98.0,88.0,5.73
217,pacific grove,us,36.62,-121.92,59.74,62.0,75.0,5.82
218,askino,ru,56.09,56.58,47.47,78.0,68.0,8.75
219,tuktoyaktuk,ca,69.44,-133.03,24.8,92.0,20.0,8.05
220,banjar,id,-7.37,108.54,70.6,93.0,48.0,2.59
221,mayo,ca,63.59,-135.9,17.6,92.0,20.0,2.24
222,chebsara,ru,59.2,38.84,49.09,76.0,92.0,11.77
223,waddan,ly,29.16,16.14,88.51,25.0,64.0,15.01
224,xinxiang,cn,35.3,113.88,55.03,60.0,0.0,4.05
226,baykit,ru,61.68,96.39,32.62,71.0,56.0,11.99
227,slochteren,nl,53.22,6.81,56.61,82.0,75.0,14.99
228,pitimbu,br,-7.47,-34.81,84.2,54.0,75.0,11.41
229,san cristobal,ec,-1.02,-79.44,70.96,84.0,0.0,3.27
230,alofi,nu,-19.06,-169.92,73.4,69.0,40.0,13.87
231,arkhipo-osipovka,ru,44.37,38.53,67.18,94.0,20.0,5.61
233,acari,pe,-15.44,-74.62,69.61,46.0,0.0,3.15
234,anda,cn,46.41,125.33,41.44,73.0,0.0,2.93
235,cam ranh,vn,11.92,109.15,77.53,100.0,80.0,7.07
237,quetigny,fr,47.31,5.12,57.2,47.0,90.0,3.36
238,mount gambier,au,-37.83,140.78,54.67,96.0,12.0,4.05
239,koutiala,ml,12.39,-5.46,86.44,85.0,12.0,6.96
240,shimoda,jp,34.7,138.93,72.22,100.0,0.0,5.73
241,port elizabeth,za,-33.92,25.57,62.6,72.0,75.0,33.33
242,netarhat,in,23.45,84.31,69.7,79.0,0.0,3.27
243,bumba,cd,2.18,22.47,84.01,68.0,8.0,4.83
244,chernyshkovskiy,ru,48.42,42.23,73.12,49.0,12.0,13.33
245,vagur,fo,61.47,-6.81,49.09,98.0,88.0,27.98
246,thompson,ca,55.74,-97.86,28.4,92.0,20.0,6.93
247,araouane,ml,18.9,-3.53,99.49,26.0,32.0,12.44
249,urusha,ru,54.05,122.9,35.32,75.0,0.0,2.48
251,vadso,no,70.07,29.75,37.47,59.0,75.0,20.8
252,sao gabriel da cachoeira,br,-0.13,-67.09,82.4,74.0,0.0,3.36
253,murupara,nz,-38.46,176.71,42.07,93.0,0.0,2.15
254,manaus,br,-3.13,-59.98,91.4,52.0,0.0,8.05
255,nuuk,gl,64.17,-51.74,32.0,100.0,90.0,13.87
256,bethel,us,60.79,-161.76,50.0,74.0,75.0,12.75
258,sechura,pe,-5.56,-80.82,68.08,95.0,8.0,7.74
259,dhidhdhoo,mv,6.88,73.1,79.33,100.0,80.0,10.76
260,svetlogorsk,ru,53.14,59.15,51.8,43.0,0.0,6.71
262,bodden town,ky,19.28,-81.25,82.4,94.0,40.0,6.93
263,zhigansk,ru,66.77,123.37,34.42,95.0,76.0,3.83
266,nanortalik,gl,60.14,-45.24,37.39,96.0,68.0,7.07
267,torbay,ca,47.66,-52.73,50.0,99.0,20.0,10.29
268,gejiu,cn,23.36,103.16,58.99,96.0,80.0,2.26
269,roswell,us,33.39,-104.52,68.0,87.0,90.0,12.75
270,paducah,us,37.08,-88.6,74.01,88.0,1.0,4.7
271,noumea,nc,-22.28,166.46,64.4,88.0,36.0,3.36
272,san jose,gt,16.98,-89.9,73.21,100.0,80.0,3.94
273,port augusta,au,-32.49,137.76,64.4,93.0,90.0,2.71
274,maple creek,ca,49.91,-109.46,31.0,97.0,92.0,9.53
275,awjilah,ly,29.14,21.3,96.61,17.0,92.0,7.63
276,chateau-gontier,fr,47.83,-0.7,60.8,63.0,90.0,11.41
277,sakaiminato,jp,35.55,133.23,60.8,82.0,40.0,5.82
278,porto walter,br,-8.27,-72.74,83.2,80.0,68.0,2.93
280,winslow,us,35.02,-110.7,60.98,93.0,90.0,4.7
281,realeza,br,-25.77,-53.53,72.58,95.0,92.0,6.17
282,iqaluit,ca,63.75,-68.52,30.2,80.0,75.0,8.05
283,paris,us,36.3,-88.33,73.4,100.0,75.0,4.7
285,ornskoldsvik,se,63.29,18.72,44.6,52.0,0.0,6.93
286,imbituba,br,-28.24,-48.67,75.2,73.0,20.0,12.75
288,makakilo city,us,21.35,-158.09,73.96,84.0,1.0,4.7
289,nome,us,30.04,-94.42,75.61,84.0,1.0,5.82
290,anadyr,ru,64.73,177.51,44.6,93.0,90.0,8.95
291,goedereede,nl,51.82,3.98,61.25,67.0,36.0,28.86
293,batagay-alyta,ru,67.8,130.41,2.38,52.0,0.0,5.5
294,bilma,ne,18.69,12.92,103.72,13.0,48.0,6.85
295,yushan,cn,31.68,118.49,59.0,93.0,0.0,2.24
296,yichang,cn,30.77,111.32,60.52,79.0,88.0,2.48
297,jambi,id,-1.6,103.62,81.58,67.0,8.0,5.39
298,chipiona,es,36.74,-6.44,86.23,61.0,20.0,9.17
299,deputatskiy,ru,69.3,139.9,26.95,88.0,92.0,9.42
300,praia da vitoria,pt,38.73,-27.07,71.6,88.0,40.0,20.94
301,atar,mr,20.52,-13.05,102.46,22.0,0.0,4.61
302,itarema,br,-2.92,-39.92,90.13,55.0,0.0,17.92
303,kruisfontein,za,-34.0,24.73,61.69,83.0,92.0,21.83
304,yerofey pavlovich,ru,53.97,121.97,34.15,75.0,0.0,2.37
305,caravelas,br,-17.73,-39.27,77.89,99.0,92.0,17.02
306,saint-philippe,re,-21.36,55.77,71.6,56.0,0.0,12.75
307,gadwal,in,16.23,77.79,76.81,91.0,48.0,4.27
308,hoopstad,za,-27.83,25.91,85.45,26.0,32.0,16.24
310,mbanza-ngungu,cd,-5.25,14.87,79.51,89.0,24.0,4.16
311,zhezkazgan,kz,47.8,67.71,62.6,42.0,0.0,11.18
312,saint-pierre,pm,46.77,-56.17,50.0,61.0,75.0,10.29
313,ishigaki,jp,24.34,124.16,79.51,100.0,48.0,24.63
315,huelva,es,37.26,-6.95,81.22,51.0,0.0,7.07
316,souillac,mu,-20.52,57.52,73.4,69.0,75.0,11.41
317,ukiah,us,39.15,-123.21,60.98,93.0,90.0,3.36
319,yarmouth,ca,43.84,-66.12,51.8,100.0,90.0,11.41
320,yerbogachen,ru,61.28,108.01,43.51,70.0,64.0,7.63
321,port macquarie,au,-31.43,152.91,55.4,76.0,8.0,5.82
322,waldoboro,us,44.1,-69.38,49.51,87.0,90.0,6.93
323,havre,us,48.55,-109.68,37.04,92.0,90.0,9.17
324,springbok,za,-29.67,17.88,75.19,19.0,8.0,9.19
325,cervo,es,43.67,-7.41,64.66,96.0,0.0,24.07
326,sergeyevka,kz,53.88,67.42,45.49,69.0,20.0,7.63
327,bud,no,62.91,6.91,47.01,70.0,40.0,3.36
329,ilulissat,gl,69.22,-51.1,30.2,50.0,75.0,16.11
330,sukhobuzimskoye,ru,56.5,93.28,42.8,55.0,40.0,4.47
331,boyuibe,bo,-20.43,-63.28,59.0,82.0,90.0,4.7
332,muriwai beach,nz,-36.82,174.45,53.6,93.0,76.0,2.24
333,kangaatsiaq,gl,68.31,-53.46,35.41,100.0,48.0,5.84
334,ursulo galvan,mx,20.6,-97.44,75.2,100.0,75.0,4.7
335,petrove,ua,48.34,33.27,66.2,68.0,0.0,6.71
336,pinega,ru,64.7,43.39,45.13,97.0,92.0,5.61
337,grindavik,is,63.84,-22.43,42.13,100.0,75.0,21.92
338,sola,vu,-13.88,167.55,78.61,100.0,76.0,9.19
339,richards bay,za,-28.77,32.06,74.11,79.0,80.0,18.03
340,bonthe,sl,7.53,-12.5,76.72,100.0,92.0,3.94
341,brae,gb,60.4,-1.35,48.2,61.0,40.0,17.22
342,sitka,us,37.17,-99.65,74.92,62.0,12.0,11.88
343,enshi,cn,30.29,109.48,55.12,92.0,92.0,2.15
344,kasongo-lunda,cd,-6.48,16.82,83.92,62.0,24.0,2.93
345,mabaruma,gy,8.2,-59.78,89.5,69.0,0.0,6.73
346,kuryk,kz,43.18,51.68,71.14,49.0,0.0,6.17
347,thinadhoo,mv,0.53,72.93,83.11,100.0,100.0,18.14
348,antofagasta,cl,-23.65,-70.4,60.8,72.0,20.0,11.41
349,ponta do sol,cv,17.2,-25.09,78.34,100.0,56.0,14.67
350,kloulklubed,pw,7.04,134.26,80.6,83.0,75.0,5.61
351,dubai,ae,25.27,55.3,96.8,32.0,0.0,10.29
352,longyearbyen,sj,78.22,15.64,32.0,100.0,75.0,8.05
353,luganville,vu,-15.51,167.18,77.08,100.0,92.0,11.1
354,isangel,vu,-19.55,169.27,72.94,100.0,88.0,16.58
355,kansanshi,zm,-12.1,26.43,80.41,34.0,0.0,5.61
356,kommunisticheskiy,ru,61.68,64.48,44.41,72.0,0.0,7.74
357,touros,br,-5.2,-35.46,85.18,60.0,0.0,16.69
358,killybegs,ie,54.63,-8.45,53.59,100.0,92.0,14.34
359,beloyarskiy,ru,63.71,66.67,44.41,80.0,88.0,7.4
360,chimbote,pe,-9.08,-78.59,63.76,94.0,24.0,3.6
361,tres arroyos,ar,-38.38,-60.28,59.62,47.0,0.0,13.22
362,virginia beach,us,36.85,-75.98,75.47,79.0,40.0,8.05
363,zaraza,ve,9.35,-65.33,92.92,53.0,8.0,13.22
364,krasnyy yar,ru,50.7,44.73,58.54,42.0,0.0,15.57
365,chiredzi,zw,-21.05,31.67,88.24,19.0,0.0,2.93
366,dawei,mm,14.07,98.19,75.55,94.0,24.0,0.47
367,villarrica,cl,-39.28,-72.23,40.72,100.0,92.0,2.93
368,egvekinot,ru,66.32,-179.17,42.52,100.0,88.0,2.37
369,vostok,ru,46.45,135.83,47.2,98.0,92.0,5.5
371,turbat,pk,26.0,63.05,84.19,20.0,0.0,5.17
372,kamenka,ru,53.19,44.05,51.34,71.0,92.0,15.35
373,kurumkan,ru,54.33,110.32,27.58,77.0,0.0,1.81
374,salalah,om,17.01,54.1,82.4,61.0,0.0,5.82
376,tomatlan,mx,19.93,-105.25,77.8,86.0,68.0,2.71
377,waipawa,nz,-39.94,176.59,49.09,84.0,64.0,9.64
378,bend,us,44.06,-121.32,50.88,81.0,1.0,4.7
379,general roca,ar,-39.03,-67.58,55.4,37.0,0.0,2.24
380,sulangan,ph,11.14,123.72,82.57,100.0,56.0,16.46
381,port keats,au,-14.25,129.55,76.45,71.0,0.0,4.94
382,vysokogornyy,ru,50.1,139.13,37.57,98.0,92.0,2.15
383,deniliquin,au,-35.53,144.96,60.88,41.0,20.0,7.63
384,raudeberg,no,61.99,5.14,48.79,57.0,40.0,14.99
385,san patricio,mx,19.22,-104.7,78.8,88.0,75.0,1.92
386,yanam,in,16.73,82.22,84.28,71.0,0.0,6.17
387,athabasca,ca,54.72,-113.29,25.24,76.0,8.0,6.06
388,novomichurinsk,ru,54.04,39.74,49.0,97.0,92.0,4.72
389,aconibe,gq,1.29,10.94,71.68,100.0,92.0,3.04
390,mon,in,26.73,95.03,70.24,97.0,8.0,4.27
391,darnah,ly,32.77,22.64,78.16,95.0,88.0,16.8
393,luanda,ao,-8.83,13.24,78.8,74.0,75.0,8.05
395,rockhampton,au,-23.38,150.51,62.6,67.0,0.0,6.93
396,whitehorse,ca,60.72,-135.06,28.4,63.0,5.0,16.11
397,vanavara,ru,60.35,102.28,39.01,54.0,20.0,7.29
398,ilhabela,br,-23.78,-45.36,74.74,90.0,8.0,2.71
399,bundaberg,au,-24.87,152.35,67.72,100.0,48.0,16.91
400,arraial do cabo,br,-22.97,-42.02,91.4,55.0,0.0,5.82
401,kaseda,jp,31.42,130.32,72.22,100.0,0.0,9.08
402,kalabo,zm,-15.0,22.67,88.24,15.0,0.0,10.76
403,ankazoabo,mg,-22.29,44.51,82.48,27.0,0.0,5.17
404,ejido,ve,8.55,-71.24,72.12,76.0,75.0,1.81
405,sarangani,ph,5.4,125.46,83.47,98.0,0.0,3.38
406,koslan,ru,63.46,48.9,45.49,91.0,92.0,6.85
407,saint-louis,sn,16.03,-16.5,91.4,55.0,0.0,11.41
408,itoman,jp,26.12,127.67,74.79,70.0,40.0,10.29
409,bilibino,ru,68.06,166.44,22.36,82.0,0.0,2.15
410,vazante,br,-17.99,-46.9,90.13,43.0,36.0,8.97
412,yaransk,ru,57.3,47.88,48.28,72.0,88.0,8.63
413,tilhar,in,27.96,79.74,76.9,69.0,0.0,5.73
414,itupiranga,br,-5.13,-49.33,87.8,62.0,75.0,4.7
415,tazovskiy,ru,67.47,78.7,32.62,83.0,36.0,5.28
416,xichang,cn,27.88,102.25,47.83,98.0,92.0,1.7
417,barkly west,za,-28.54,24.52,87.8,11.0,0.0,17.22
418,westport,nz,-41.75,171.6,44.14,100.0,80.0,1.36
419,aubel,be,50.7,5.86,56.91,87.0,75.0,12.75
420,mamou,gn,10.37,-12.08,76.63,90.0,76.0,4.05
421,port lincoln,au,-34.72,135.86,58.72,97.0,92.0,8.41
422,aanekoski,fi,62.6,25.73,46.4,61.0,20.0,3.36
423,vilyuysk,ru,63.75,121.63,32.89,88.0,20.0,3.6
424,upata,ve,8.02,-62.41,88.06,53.0,0.0,9.42
426,launceston,au,-41.43,147.14,46.4,81.0,64.0,3.36
427,roma,au,-26.57,148.79,53.41,63.0,0.0,6.4
428,lorengau,pg,-2.02,147.27,83.38,100.0,0.0,6.73
429,marsh harbour,bs,26.54,-77.06,83.47,99.0,56.0,19.26
430,selikhino,ru,50.37,137.51,45.85,100.0,88.0,5.28
433,upernavik,gl,72.79,-56.15,35.59,100.0,24.0,10.42
434,husavik,is,66.04,-17.34,46.4,65.0,75.0,12.75
435,santa cruz das palmeiras,br,-21.82,-47.25,86.0,42.0,0.0,9.17
437,viedma,ar,-40.81,-62.99,57.64,42.0,32.0,17.13
438,valparaiso,cl,-33.04,-71.63,60.13,45.0,0.0,8.05
439,salta,ar,-24.79,-65.41,60.8,67.0,75.0,3.36
440,vorontsovka,ru,50.61,40.34,65.92,75.0,76.0,4.61
441,buraydah,sa,26.33,43.97,96.8,20.0,0.0,14.99
443,monrovia,lr,6.33,-10.8,79.06,92.0,92.0,9.42
444,kendari,id,-3.99,122.52,74.47,76.0,0.0,4.16
445,ulaanbaatar,mn,47.92,106.92,33.8,80.0,0.0,2.71
446,puerto vallarta,mx,20.61,-105.23,75.2,100.0,90.0,9.17
447,sayyan,ye,15.17,44.32,67.0,23.0,0.0,7.63
451,port hedland,au,-20.31,118.58,75.2,73.0,0.0,6.93
452,pokhara,np,28.21,83.99,57.46,79.0,0.0,2.93
453,walvis bay,na,-22.95,14.51,89.6,24.0,0.0,10.29
454,lima,pe,-12.06,-77.04,66.64,84.0,0.0,1.92
456,kembe,cf,4.62,21.89,83.65,72.0,48.0,6.4
458,ancona,it,43.6,13.51,66.2,59.0,40.0,9.17
459,lethem,gy,3.38,-59.8,95.53,43.0,0.0,12.21
460,ayna,pe,-12.72,-73.91,66.2,48.0,75.0,2.24
461,chateaudun,fr,48.08,1.33,59.85,59.0,90.0,12.75
462,guerrero negro,mx,27.97,-114.04,70.24,100.0,92.0,9.98
463,los llanos de aridane,es,28.66,-17.92,78.8,69.0,75.0,5.82
464,celestun,mx,20.87,-90.4,82.48,100.0,0.0,9.75
465,soubre,ci,5.79,-6.61,79.06,96.0,92.0,4.16
466,katherine,au,-14.47,132.26,84.2,37.0,75.0,10.29
467,ossora,ru,59.24,163.07,44.41,100.0,92.0,4.5
468,candido de abreu,br,-24.57,-51.33,75.46,81.0,80.0,5.84
469,iquique,cl,-20.22,-70.14,66.2,72.0,75.0,9.17
470,henin-beaumont,fr,50.41,2.96,60.71,77.0,75.0,12.75
471,dongsheng,cn,29.72,112.52,60.34,77.0,48.0,2.93
473,saint-francois,gp,16.25,-61.27,86.0,66.0,8.0,4.7
474,mareeba,au,-16.99,145.42,69.8,77.0,40.0,10.29
475,badarganj,bd,25.68,89.06,77.89,89.0,0.0,2.71
476,opuwo,na,-18.06,13.84,92.11,17.0,20.0,7.74
477,tateyama,jp,36.66,137.31,51.34,100.0,20.0,1.92
478,sambava,mg,-14.27,50.17,76.0,100.0,24.0,19.48
479,shangrao,cn,28.45,117.97,50.26,77.0,0.0,2.37
480,palauig,ph,15.44,119.9,76.36,100.0,64.0,3.38
481,bayeux,fr,49.28,-0.7,61.23,88.0,90.0,16.11
482,tilichiki,ru,60.47,166.1,41.62,96.0,92.0,12.66
483,rocha,uy,-34.48,-54.34,58.54,84.0,8.0,4.38
484,wyndham,nz,-46.33,168.85,36.13,86.0,24.0,4.38
485,port hueneme,us,34.15,-119.2,67.1,83.0,40.0,12.75
486,berbera,so,10.44,45.01,80.14,55.0,0.0,4.83
487,dayong,cn,25.02,118.29,73.4,69.0,0.0,11.18
488,guerrero,mx,19.43,-97.69,53.59,75.0,0.0,4.61
489,la roche-sur-yon,fr,46.67,-1.43,60.8,59.0,90.0,8.05
490,axim,gh,4.87,-2.24,79.24,96.0,76.0,9.98
492,ekangala,za,-25.66,28.73,82.96,8.0,0.0,8.05
493,geraldton,au,-28.77,114.6,64.4,59.0,0.0,10.29
494,diego de almagro,cl,-26.39,-70.05,71.05,74.0,0.0,2.37
495,medvezhyegorsk,ru,62.92,34.47,44.59,99.0,92.0,9.31
496,norden,de,53.59,7.21,57.33,76.0,75.0,16.11
497,takaka,nz,-40.86,172.81,47.2,100.0,32.0,3.94
498,margate,za,-30.86,30.37,69.79,88.0,92.0,25.41
499,alta floresta,br,-9.87,-56.08,78.8,88.0,0.0,2.24
500,olinda,br,-22.82,-43.41,93.2,38.0,0.0,5.82
502,cayenne,gf,4.94,-52.33,86.0,74.0,8.0,5.82
504,koygorodok,ru,60.44,51.01,45.85,82.0,24.0,6.96
505,myitkyina,mm,25.38,97.4,74.65,99.0,68.0,1.25
506,cap malheureux,mu,-19.98,57.61,73.4,69.0,75.0,11.41
507,saldanha,za,-33.01,17.94,66.2,42.0,0.0,24.16
508,lubbock,us,33.58,-101.86,64.56,90.0,90.0,10.29
509,phan thiet,vn,10.93,108.1,75.28,100.0,92.0,6.29
510,lavrentiya,ru,65.58,-170.99,45.49,93.0,92.0,17.36
511,tombouctou,ml,16.77,-3.01,97.42,33.0,56.0,11.65
512,portland,au,-33.35,149.98,44.95,89.0,56.0,2.04
513,turukhansk,ru,65.8,87.96,35.68,97.0,92.0,21.72
514,atascadero,us,35.49,-120.67,56.75,55.0,1.0,3.15
516,wolfville,ca,45.09,-64.36,46.4,93.0,75.0,5.82
517,lovasbereny,hu,47.31,18.55,54.59,71.0,75.0,11.41
518,prince rupert,ca,54.32,-130.32,35.6,69.0,1.0,8.05
520,wahpeton,us,46.27,-96.61,46.99,81.0,90.0,12.75
521,susuman,ru,62.78,148.15,10.84,75.0,56.0,2.48
522,port blair,in,11.67,92.75,85.54,100.0,20.0,2.59
523,karasburg,na,-28.01,18.75,81.76,16.0,12.0,11.54
524,sao domingos,br,-13.4,-46.32,93.46,28.0,0.0,8.19
525,vrangel,ru,42.73,133.08,62.68,96.0,0.0,18.03
526,diffa,ne,13.32,12.61,97.51,41.0,0.0,4.61
527,baiquan,cn,47.61,126.08,38.38,75.0,0.0,2.93
528,agartala,in,23.84,91.28,84.2,79.0,0.0,3.15
529,palmer,us,61.6,-149.11,42.08,70.0,1.0,10.29
530,ust-kalmanka,ru,52.12,83.31,41.71,90.0,76.0,8.52
531,mudanjiang,cn,44.58,129.6,45.76,80.0,64.0,5.28
533,sioux lookout,ca,50.1,-91.92,43.84,93.0,90.0,12.75
534,bani,do,18.28,-70.33,84.2,79.0,40.0,5.82
535,silchar,in,24.83,92.8,74.47,92.0,0.0,1.92
536,agdas,az,40.65,47.48,67.72,71.0,36.0,1.03
537,nisia floresta,br,-6.09,-35.21,84.2,54.0,40.0,19.46
539,berkak,no,62.83,10.01,39.19,71.0,0.0,2.93
540,oussouye,sn,12.49,-16.54,80.6,83.0,40.0,4.7
541,mpulungu,zm,-8.77,31.12,81.13,27.0,48.0,5.06
542,ardabil,ir,38.25,48.3,68.0,56.0,40.0,18.34
543,udachnyy,ru,66.42,112.4,33.52,94.0,80.0,3.6
544,kaitangata,nz,-46.28,169.85,34.33,83.0,12.0,4.38
545,petropavlovsk-kamchatskiy,ru,53.05,158.65,37.4,74.0,20.0,2.24
546,terrace,ca,54.52,-128.61,37.4,37.0,20.0,10.29
547,hohhot,cn,40.81,111.65,46.4,65.0,0.0,6.71
548,fairbanks,us,64.84,-147.72,34.2,18.0,1.0,3.36
549,boda,cf,4.32,17.47,84.19,73.0,0.0,4.61
550,williams lake,ca,52.13,-122.14,24.8,92.0,90.0,17.22
551,kantang,th,7.42,99.52,80.05,100.0,92.0,2.59
552,coshocton,us,40.27,-81.86,72.91,94.0,75.0,9.17
553,sarkand,kz,45.41,79.91,63.94,36.0,12.0,13.33
554,kushima,jp,31.5,131.29,66.82,100.0,20.0,3.15
555,baruun-urt,mn,46.68,113.28,41.71,52.0,0.0,8.63
556,andenes,no,69.31,16.12,42.8,81.0,75.0,5.82
557,rizoma,gr,39.66,21.73,68.26,52.0,12.0,2.37
559,capanema,br,-25.67,-53.8,72.54,94.0,75.0,9.17
561,salamiyah,sy,35.01,37.05,84.01,31.0,0.0,5.06
562,sawtell,au,-30.38,153.1,55.4,87.0,8.0,5.82
564,grand-santi,gf,4.27,-54.38,88.33,61.0,0.0,3.38
565,outjo,na,-20.11,16.16,89.6,13.0,24.0,8.05
566,jagdispur,in,25.47,84.42,84.2,79.0,20.0,4.16
567,praia,cv,14.92,-23.51,84.2,79.0,40.0,13.87
568,katobu,id,-4.94,122.53,79.51,92.0,0.0,7.63
569,caborca,mx,30.58,-111.1,70.24,83.0,80.0,13.22
570,wajima,jp,37.4,136.9,63.13,96.0,32.0,2.93
571,berdigestyakh,ru,62.1,126.7,37.3,79.0,48.0,6.73
572,rio grande,br,-32.03,-52.1,62.6,63.0,75.0,9.17
573,itapipoca,br,-3.5,-39.58,92.74,38.0,0.0,12.33
575,fredonia,us,42.44,-79.33,65.59,96.0,90.0,13.44
576,rundu,na,-17.91,19.77,91.4,15.0,0.0,9.17
577,parfenyevo,ru,58.48,43.41,48.46,75.0,88.0,14.79
580,lazaro cardenas,mx,28.39,-105.62,64.4,100.0,90.0,5.95
581,bardsir,ir,29.93,56.57,75.2,5.0,0.0,11.41
582,merced,us,37.3,-120.48,65.66,74.0,40.0,4.7
583,talpa,mx,28.83,-111.63,82.4,78.0,75.0,5.82
584,muzhi,ru,65.4,64.7,36.49,84.0,48.0,6.51
586,tortoli,it,39.93,9.66,66.2,68.0,75.0,2.24
587,tres palos,mx,16.83,-99.78,78.8,78.0,75.0,5.82
588,chilliwack,ca,49.17,-121.95,51.24,93.0,90.0,8.05
589,chernaya kholunitsa,ru,58.85,51.72,46.03,83.0,44.0,11.77
590,juneau,us,58.3,-134.42,32.0,19.0,1.0,4.7
591,acopiara,br,-6.09,-39.45,90.31,37.0,0.0,9.64
592,grand gaube,mu,-20.01,57.66,73.4,69.0,75.0,11.41
593,kannur,in,11.88,75.37,75.46,86.0,92.0,2.37
594,vangaindrano,mg,-23.35,47.6,67.27,69.0,0.0,5.5
595,videira,br,-27.01,-51.15,65.56,100.0,92.0,4.94
597,panjakent,tj,39.5,67.61,71.6,26.0,0.0,13.87
598,esperance,au,-33.86,121.89,55.12,84.0,92.0,10.2
599,taitung,tw,22.76,121.15,71.14,100.0,32.0,16.8
600,podyuga,ru,61.09,40.86,48.01,75.0,92.0,14.56
601,ayorou,ne,14.73,0.92,95.44,42.0,76.0,3.83
602,north platte,us,41.12,-100.77,51.08,96.0,90.0,4.7
603,sandpoint,us,48.28,-116.55,50.7,93.0,90.0,3.36
604,kuzhener,ru,56.81,48.92,48.01,65.0,68.0,9.98
606,moron,mn,47.38,110.32,37.03,54.0,0.0,5.95
607,najran,sa,17.54,44.22,87.8,16.0,20.0,11.41
608,port hardy,ca,50.7,-127.42,42.8,81.0,20.0,6.93
609,bartlesville,us,36.75,-95.98,71.46,93.0,20.0,5.82
610,batticaloa,lk,7.71,81.69,80.77,100.0,56.0,3.6
611,gerash,ir,27.67,54.14,93.2,13.0,0.0,2.37
612,mahajanga,mg,-15.72,46.32,82.4,58.0,20.0,9.17
613,bozhou,cn,33.86,115.78,54.85,57.0,0.0,5.17
614,popondetta,pg,-8.77,148.24,69.16,95.0,64.0,1.48
615,ryotsu,jp,38.08,138.43,67.99,100.0,88.0,5.73
617,caucaia,br,-3.73,-38.66,86.0,51.0,20.0,21.92
618,kajaani,fi,64.22,27.73,41.0,93.0,75.0,2.24
619,champerico,gt,14.3,-91.92,80.6,74.0,75.0,3.49
621,ziro,in,27.54,93.82,59.98,100.0,92.0,1.36
623,bolgatanga,gh,10.79,-0.85,92.38,63.0,12.0,4.5
624,kolyshley,ru,52.7,44.54,50.89,77.0,88.0,13.44
625,la tuque,ca,47.44,-72.79,47.47,71.0,12.0,6.73
626,marienburg,sr,5.88,-55.04,85.86,66.0,40.0,6.93
627,moree,au,-29.46,149.84,59.08,61.0,12.0,11.77
628,fez,ma,34.03,-5.02,86.0,35.0,40.0,10.29
630,catuday,ph,16.29,119.81,78.52,100.0,20.0,9.31
633,saint-pierre,mq,14.74,-61.18,87.8,58.0,40.0,4.7
634,dickinson,us,46.88,-102.79,44.96,96.0,1.0,5.82
635,neftcala,az,39.37,49.25,73.75,82.0,0.0,8.19
637,riyadh,sa,24.63,46.72,96.8,8.0,0.0,3.36
638,wawa,ca,47.99,-84.77,42.8,93.0,90.0,2.24
639,san angelo,us,31.46,-100.44,73.94,81.0,40.0,9.17
640,tevriz,ru,57.51,72.4,46.03,77.0,80.0,7.74
641,marawi,sd,18.48,31.82,101.74,12.0,0.0,10.76
642,mananjary,mg,-19.16,46.8,69.61,40.0,44.0,4.38
643,labuhan,id,-2.54,115.51,72.04,96.0,12.0,1.92
644,padang,id,-0.92,100.36,80.86,100.0,56.0,4.72
646,progreso,mx,20.25,-99.19,57.73,92.0,76.0,1.92
647,braganca paulista,br,-22.95,-46.54,82.99,61.0,20.0,2.24
649,winnemucca,us,40.97,-117.74,42.98,11.0,1.0,8.05
650,neiafu,to,-18.65,-173.98,75.2,73.0,40.0,12.75
651,the valley,ai,18.22,-63.06,85.14,62.0,20.0,6.93
652,kasganj,in,27.81,78.65,79.24,49.0,0.0,5.06
653,vuktyl,ru,63.86,57.31,42.7,87.0,92.0,5.73
654,minbu,mm,20.18,94.88,74.56,98.0,36.0,4.16
656,kununurra,au,-15.77,128.74,77.0,69.0,0.0,8.05
657,esmeraldas,ec,-1.87,-79.8,75.2,73.0,90.0,3.36
658,bartica,gy,6.41,-58.62,89.6,62.0,75.0,6.93
659,lewistown,us,40.39,-90.15,63.34,95.0,90.0,5.82
661,male,mv,4.17,73.51,82.4,83.0,75.0,16.11
662,yeppoon,au,-23.13,150.74,62.6,67.0,0.0,6.93
663,katsuura,jp,33.93,134.5,65.38,91.0,32.0,2.15
664,komsomolskiy,ru,67.55,63.78,35.59,90.0,20.0,9.42
665,havoysund,no,71.0,24.66,38.28,69.0,75.0,18.34
666,fare,pf,-16.7,-151.02,74.29,100.0,92.0,26.08
667,anicuns,br,-16.46,-49.96,84.1,65.0,32.0,8.63
668,kaeo,nz,-35.1,173.78,41.98,87.0,12.0,2.37
669,gueret,fr,46.17,1.87,59.0,44.0,90.0,6.93
670,puqi,cn,29.72,113.88,62.14,90.0,32.0,3.6
671,bourges,fr,47.08,2.4,60.8,41.0,90.0,12.75
673,brigantine,us,39.41,-74.36,75.36,76.0,1.0,11.41
674,meulaboh,id,4.14,96.13,80.23,100.0,68.0,3.83
675,hamilton,bm,32.3,-64.78,78.8,78.0,75.0,21.92
677,takoradi,gh,4.89,-1.75,79.06,92.0,64.0,6.62
678,assiniboia,ca,49.63,-105.99,33.43,100.0,92.0,9.42
679,comodoro rivadavia,ar,-45.87,-67.48,51.8,32.0,40.0,12.75
680,moundsville,us,39.92,-80.74,71.53,84.0,75.0,6.93
681,altagracia de orituco,ve,9.86,-66.38,90.31,55.0,12.0,11.43
682,jiazi,cn,19.61,110.49,78.8,78.0,0.0,11.18
683,ontario,us,34.07,-117.65,71.69,53.0,90.0,5.82
684,dauphin,ca,51.15,-100.04,33.8,99.0,90.0,3.38
685,beaverlodge,ca,55.21,-119.43,24.8,73.0,75.0,4.7
686,pedernales,do,18.04,-71.74,84.2,74.0,75.0,2.48
687,danilovka,ru,50.35,44.12,62.41,37.0,0.0,16.24
688,flin flon,ca,54.77,-101.88,30.2,86.0,40.0,6.93
689,verkhnyaya inta,ru,65.99,60.32,40.36,96.0,92.0,5.61
690,chapais,ca,49.78,-74.86,41.0,56.0,20.0,11.41
691,konstantinovka,ru,51.44,45.63,59.0,48.0,0.0,13.42
692,svencionys,lt,55.15,26.17,52.33,67.0,80.0,13.0
693,alyangula,au,-13.85,136.42,76.0,100.0,0.0,8.86
695,akdepe,tm,42.05,59.39,78.8,36.0,0.0,6.93
696,san francisco,ar,-31.43,-62.08,61.24,54.0,0.0,7.4
697,angoche,mz,-16.23,39.91,79.69,98.0,0.0,8.52
698,moyale,ke,3.52,39.06,78.07,42.0,44.0,7.74
699,coquimbo,cl,-29.95,-71.34,60.8,67.0,0.0,11.41
700,xai-xai,mz,-25.04,33.64,87.34,52.0,0.0,13.11
701,gwanda,zw,-20.94,29,85.36,10.0,0.0,5.39
702,berlevag,no,70.86,29.09,35.6,69.0,75.0,17.22
703,nyurba,ru,63.29,118.35,37.84,82.0,80.0,4.94
704,kieta,pg,-6.22,155.63,75.55,100.0,92.0,1.25
705,menongue,ao,-14.66,17.68,86.62,20.0,24.0,5.17
706,tessalit,ml,20.2,1.01,94.09,25.0,92.0,12.66
707,pauini,br,-7.71,-67,85.63,77.0,56.0,3.6
708,beira,mz,-19.84,34.84,80.6,61.0,20.0,14.99
709,polunochnoye,ru,60.87,60.43,43.96,76.0,48.0,6.62
710,puerto ayacucho,ve,5.66,-67.62,82.4,78.0,40.0,3.6
711,nakhon phanom,th,17.41,104.78,75.64,74.0,0.0,5.73
713,erzin,ru,50.26,95.16,48.19,40.0,12.0,5.17
714,waingapu,id,-9.65,120.26,72.58,72.0,0.0,7.96
715,maroantsetra,mg,-15.43,49.74,69.52,92.0,92.0,6.62
716,andros town,bs,24.73,-77.79,84.2,70.0,40.0,14.99
717,iwanai,jp,42.97,140.51,60.52,99.0,0.0,16.91
719,sao jose da coroa grande,br,-8.9,-35.15,81.94,75.0,0.0,10.76
720,umm lajj,sa,25.02,37.27,89.59,72.0,12.0,8.75
721,kintampo,gh,8.05,-1.73,88.87,64.0,48.0,5.06
722,francisco sa,br,-16.48,-43.49,86.0,35.0,75.0,5.82
723,pestravka,ru,52.4,49.95,49.99,47.0,12.0,8.41
724,burnie,au,-41.05,145.91,55.84,93.0,88.0,5.95
725,honiara,sb,-9.43,159.96,77.0,94.0,20.0,2.59
727,kampot,kh,10.62,104.18,72.04,98.0,32.0,2.48
728,yashan,cn,30.81,118.02,51.34,85.0,8.0,2.37
729,dalianwan,cn,39.03,121.69,62.6,82.0,40.0,7.63
730,poum,nc,-20.23,164.02,69.7,100.0,24.0,16.46
733,bhag,pk,29.04,67.82,82.84,33.0,0.0,3.94
734,enterprise,us,45.43,-117.28,55.94,57.0,75.0,2.37
735,srednekolymsk,ru,67.46,153.71,26.68,91.0,0.0,5.17
736,ambulu,id,-8.35,113.61,76.54,95.0,32.0,5.61
738,lompoc,us,34.64,-120.46,57.36,93.0,75.0,4.7
739,cururupu,br,-1.82,-44.87,91.39,54.0,24.0,13.67
740,birjand,ir,32.86,59.22,73.4,13.0,0.0,11.41
741,rabo de peixe,pt,37.8,-25.58,66.2,88.0,40.0,6.93
742,sekoma,bw,-24.51,23.93,86.71,18.0,0.0,4.83
743,langxiang,cn,46.95,128.87,44.5,67.0,0.0,3.6
744,tatishchevo,ru,51.67,45.59,59.0,48.0,0.0,13.42
745,burgersdorp,za,-30.99,26.32,61.69,27.0,0.0,15.01
746,zhuanghe,cn,39.7,122.97,60.43,100.0,0.0,6.73
748,nizhniy odes,ru,63.64,54.86,43.42,85.0,76.0,5.73
749,great yarmouth,gb,52.61,1.73,64.4,52.0,40.0,21.92
750,nelson bay,au,-32.72,152.14,60.8,72.0,8.0,9.17
751,floresti,md,47.89,28.3,66.28,54.0,0.0,3.15
752,sorland,no,67.67,12.69,43.88,61.0,20.0,14.99
754,kharabali,ru,47.41,47.25,64.84,48.0,44.0,9.19
756,rincon,us,32.3,-81.24,79.29,76.0,40.0,8.05
757,kuna,us,43.49,-116.42,57.36,58.0,44.0,2.59
758,urucara,br,-2.54,-57.76,96.61,40.0,0.0,5.39
759,kitaibaraki,jp,36.84,140.74,72.94,97.0,0.0,12.21
760,linkoping,se,58.41,15.62,45.86,93.0,90.0,8.05
761,lagunas,pe,-5.23,-75.68,84.82,82.0,24.0,3.04
762,roald,no,62.58,6.12,47.59,70.0,75.0,11.41
763,dekar,bw,-21.53,21.93,87.7,12.0,0.0,8.63
764,high rock,bs,26.63,-78.28,86.0,70.0,40.0,12.75
765,talnakh,ru,69.49,88.39,34.24,100.0,44.0,15.68
